{
	"format_version": "1.8.0",
	"animations": {
		"idle": {
			"loop": true,
			"animation_length": 2,
			"bones": {
				"Tail": {
					"rotation": {
						"0.0": {
							"vector": [0, 0, 0]
						},
						"0.0417": [-0.4915, 0, 0],
						"0.5833": [-13.33094, 0, 0],
						"0.875": [-20.33243, 0, 0],
						"0.9583": [-22.0085, 0, 0],
						"1.0": {
							"vector": [-22.5, 0, 0]
						},
						"1.0417": [-22.0085, 0, 0],
						"1.5833": [-9.16906, 0, 0],
						"1.875": [-2.16757, 0, 0],
						"1.9583": [-0.4915, 0, 0],
						"2.0": {
							"vector": [0, 0, 0]
						}
					},
					"position": {
						"0.0": {
							"vector": [0, 0, 0]
						},
						"1.0": {
							"vector": [0, 2, 0]
						},
						"2.0": {
							"vector": [0, 0, 0]
						}
					}
				},
				"Head": {
					"position": {
						"0.0": {
							"vector": [0, 0, 0]
						},
						"0.0417": [0, 0.04369, 0],
						"0.5833": [0, 1.18497, 0],
						"0.875": [0, 1.80733, 0],
						"0.9583": [0, 1.95631, 0],
						"1.0": {
							"vector": [0, 2, 0]
						},
						"1.0417": [0, 1.95631, 0],
						"1.5833": [0, 0.81503, 0],
						"1.875": [0, 0.19267, 0],
						"1.9583": [0, 0.04369, 0],
						"2.0": {
							"vector": [0, 0, 0]
						}
					}
				},
				"Torso": {
					"position": {
						"0.0": {
							"vector": [0, 0, 0]
						},
						"0.0417": [0, 0.02184, 0],
						"0.5833": [0, 0.59249, 0],
						"0.9167": [0, 0.94307, 0],
						"0.9583": [0, 0.97816, 0],
						"1.0": {
							"vector": [0, 1, 0]
						},
						"1.0417": [0, 0.97816, 0],
						"1.5833": [0, 0.40751, 0],
						"1.9167": [0, 0.05693, 0],
						"1.9583": [0, 0.02184, 0],
						"2.0": {
							"vector": [0, 0, 0]
						}
					},
					"scale": {
						"0.0": {
							"vector": [1, 1, 1]
						},
						"0.0417": [1.00109, 1.00164, 1],
						"0.5833": [1.02962, 1.04444, 1],
						"1.0": {
							"vector": [1.05, 1.075, 1]
						},
						"1.0417": [1.04891, 1.07336, 1],
						"1.5833": [1.02038, 1.03056, 1],
						"2.0": {
							"vector": [1, 1, 1]
						}
					}
				},
				"FRLeg": {
					"rotation": {
						"0.0": {
							"vector": [0, 0, 0]
						},
						"0.0417": [0, 0, 0.87379],
						"0.0833": [0, 0, 2.27727],
						"0.625": [0, 0, 25.54103],
						"0.8333": [0, 0, 34.47802],
						"0.9167": [0, 0, 37.72273],
						"0.9583": [0, 0, 39.12621],
						"1.0": {
							"vector": [0, 0, 40]
						},
						"1.0417": [0, 0, 39.12621],
						"1.0833": [0, 0, 37.72273],
						"1.625": [0, 0, 14.45897],
						"1.8333": [0, 0, 5.52198],
						"1.9167": [0, 0, 2.27727],
						"1.9583": [0, 0, 0.87379],
						"2.0": {
							"vector": [0, 0, 0]
						}
					}
				},
				"BRLeg": {
					"rotation": {
						"0.0": {
							"vector": [0, 0, 0]
						},
						"0.0417": [0, 0, 1.14684],
						"0.0833": [0, 0, 2.98891],
						"0.125": [0, 0, 5.05767],
						"0.6667": [0, 0, 35.92607],
						"0.8333": [0, 0, 45.25241],
						"0.875": [0, 0, 47.44233],
						"0.9167": [0, 0, 49.51109],
						"0.9583": [0, 0, 51.35316],
						"1.0": {
							"vector": [0, 0, 52.5]
						},
						"1.0417": [0, 0, 51.35316],
						"1.0833": [0, 0, 49.51109],
						"1.125": [0, 0, 47.44233],
						"1.6667": [0, 0, 16.57393],
						"1.8333": [0, 0, 7.24759],
						"1.875": [0, 0, 5.05767],
						"1.9167": [0, 0, 2.98891],
						"1.9583": [0, 0, 1.14684],
						"2.0": {
							"vector": [0, 0, 0]
						}
					}
				},
				"BLLeg": {
					"rotation": {
						"0.0": {
							"vector": [0, 0, 0]
						},
						"0.0417": [0, 0, -0.98301],
						"0.0833": [0, 0, -2.56193],
						"0.125": [0, 0, -4.33515],
						"0.6667": [0, 0, -30.79378],
						"0.875": [0, 0, -40.66485],
						"0.9167": [0, 0, -42.43807],
						"0.9583": [0, 0, -44.01699],
						"1.0": {
							"vector": [0, 0, -45]
						},
						"1.0417": [0, 0, -44.01699],
						"1.0833": [0, 0, -42.43807],
						"1.125": [0, 0, -40.66485],
						"1.6667": [0, 0, -14.20622],
						"1.875": [0, 0, -4.33515],
						"1.9167": [0, 0, -2.56193],
						"1.9583": [0, 0, -0.98301],
						"2.0": {
							"vector": [0, 0, 0]
						}
					}
				},
				"FLLeg": {
					"rotation": {
						"0.0": {
							"vector": [0, 0, 0]
						},
						"0.0417": [0, 0, -1.14684],
						"0.0833": [0, 0, -2.98891],
						"0.125": [0, 0, -5.05767],
						"0.6667": [0, 0, -35.92607],
						"0.8333": [0, 0, -45.25241],
						"0.875": [0, 0, -47.44233],
						"0.9167": [0, 0, -49.51109],
						"0.9583": [0, 0, -51.35316],
						"1.0": {
							"vector": [0, 0, -52.5]
						},
						"1.0417": [0, 0, -51.35316],
						"1.0833": [0, 0, -49.51109],
						"1.125": [0, 0, -47.44233],
						"1.6667": [0, 0, -16.57393],
						"1.8333": [0, 0, -7.24759],
						"1.875": [0, 0, -5.05767],
						"1.9167": [0, 0, -2.98891],
						"1.9583": [0, 0, -1.14684],
						"2.0": {
							"vector": [0, 0, 0]
						}
					}
				}
			}
		},
		"walking": {
			"loop": true,
			"animation_length": 1,
			"bones": {
				"Tail": {
					"rotation": {
						"0.0": {
							"vector": [0, 0, 0]
						},
						"0.5": {
							"vector": [12.5, 0, 0]
						},
						"1.0": {
							"vector": [-2.5, 0, 0]
						}
					},
					"position": {
						"vector": [0, 1, 0]
					}
				},
				"Head": {
					"position": {
						"0.0": {
							"vector": [0, 1, 0]
						},
						"0.5": {
							"vector": [0, 2, 0]
						},
						"1.0": {
							"vector": [0, 1, 0]
						}
					}
				},
				"Torso": {
					"position": {
						"vector": [0, 1, 0]
					},
					"scale": {
						"0.0": {
							"vector": [1, 1, 1]
						},
						"0.5": {
							"vector": [1.05, 1.05, 1]
						},
						"1.0": {
							"vector": [1, 1, 1]
						}
					}
				},
				"FRLeg": {
					"rotation": {
						"0.0": {
							"vector": [0, 35, -22.5]
						},
						"0.25": {
							"vector": [10.14677, 10.33667, 1.84953]
						},
						"0.5": {
							"vector": [14.24039, -9.79638, -4.06688]
						},
						"0.75": {
							"vector": [10.06832, -14.05145, 15.91579]
						},
						"1.0": {
							"vector": [0, 35, -22.5]
						}
					},
					"position": {
						"vector": [0, 1, 0]
					}
				},
				"BRLeg": {
					"rotation": {
						"0.0": {
							"vector": [0, 37.5, -12.5]
						},
						"0.25": {
							"vector": [12.15213, 13.50737, 9.88304]
						},
						"0.5": {
							"vector": [19.22846, -6.69892, 11.98309]
						},
						"0.75": {
							"vector": [17.41155, -10.64256, 23.98487]
						},
						"1.0": {
							"vector": [0, 37.5, -12.5]
						}
					},
					"position": {
						"vector": [0, 1, 0]
					}
				},
				"BLLeg": {
					"rotation": {
						"0.0": {
							"vector": [-13.12427, 21.46902, -19.99858]
						},
						"0.25": {
							"vector": [-12.51045, -12.71072, -12.3261]
						},
						"0.5": {
							"vector": [-20.06779, -30.24064, 28.54367]
						},
						"0.75": {
							"vector": [5.02931, -35.45185, -16.03912]
						},
						"1.0": {
							"vector": [-13.12427, 21.46902, -19.99858]
						}
					},
					"position": {
						"vector": [0, 1, 0]
					}
				},
				"FLLeg": {
					"rotation": {
						"0.0": {
							"vector": [-15.06885, 29.14089, -8.93803]
						},
						"0.25": {
							"vector": [-13.17315, -4.86775, -0.33092]
						},
						"0.5": {
							"vector": [-16.00752, -28.53697, 29.47238]
						},
						"0.75": {
							"vector": [1.97087, -32.33394, -5.19487]
						},
						"1.0": {
							"vector": [-15.06885, 29.14089, -8.93803]
						}
					},
					"position": {
						"vector": [0, 1, 0]
					}
				}
			}
		},
		"death": {
			"animation_length": 2.25,
			"bones": {
				"Tail": {
					"rotation": {
						"0.0": {
							"vector": [0, 0, 0]
						},
						"0.25": {
							"vector": [-80, 0, 0]
						},
						"0.5": {
							"vector": [-167.5, 0, 0]
						},
						"0.75": {
							"vector": [-230, 0, 0]
						},
						"1.0": {
							"vector": [-262.5, 0, 0]
						},
						"2.25": {
							"vector": [-265, 0, 0]
						}
					},
					"position": {
						"0.0": {
							"vector": [0, 0, 0]
						},
						"0.75": {
							"vector": [0, -2, -2]
						}
					}
				},